Cat,Ref
"Benedictions",4090
"Childhood",3140
"Christmas",213
"Christmas",1177
"Christmas",1871
"Christmas",3909
"Christmas",4194
"Christmas",6763
"Christmas",6764
"Christmas",6765
"Christmas",6766
"Christmas",6767
"Christmas",6769
"Christmas",6770
"Christmas",6771
"Christmas",6772
"Christmas",6773
"Christmas",6774
"Christmas",6775
"Christmas",6776
"Christmas",6778
"Christmas",6779
"Christmas",6780
"Christmas",6782
"Christmas",6783
"Christmas",6785
"Christmas",6786
"Commitment",3897
"Consecration-Service",2527
"Consecration-Service",5189
"Creed",6776
"Faith and Trust",4770
"Faith and Trust",5189
"God`s Love",662
"Grace",447
"Grace",4532
"Grace",5189
"Harvest",4259
"Harvest",5189
"Hymn",3613
"Invitation",2439
"Liturgy",5189
"Notice",5495
"Notice",7010
"Praise",2694
"Response",3664
"Slow",6776
"The Life to Come",4165
